,OLT,OLT NE ID,LT,PON,Serialnumber,Zone,Site
0,IEDTAL0231027,DTAL008,LT1,PON10,SMBS03458406,Dublin,Tallaght Hub
1,IEDTAL0231027,DTAL008,LT1,PON8,SMBS03458407,Dublin,Tallaght Hub
2,IEDTAL0231027,DTAL008,LT2,PON7,SMBS03458408,Dublin,Tallaght Hub
3,IEDTAL0231027,DTAL008,LT4,PON10,SMBS03458409,Dublin,Tallaght Hub
4,IEDTAL0231027,DTAL008,LT1,PON8,SMBS03458410,Dublin,Tallaght Hub
5,IEDTAL0231027,DTAL008,LT1,PON7,SMBS03458411,Dublin,Tallaght Hub
6,IEDTAL0231027,DTAL008,LT2,PON10,SMBS03458412,Dublin,Tallaght Hub
7,IEDTAL0231027,DTAL008,LT4,PON8,SMBS03458413,Dublin,Tallaght Hub
8,IEDTAL0231027,DTAL008,LT1,PON7,SMBS03458414,Dublin,Tallaght Hub
9,IEDTAL0231027,DTAL008,LT1,PON10,SMBS03458415,Dublin,Tallaght Hub
10,IEDTAL0231028,DTAL010,LT2,PON8,SMBS03458416,Dublin,Rathmines
11,IEDTAL0231028,DTAL010,LT4,PON7,SMBS03458417,Dublin,Rathmines
12,IEDTAL0231028,DTAL010,LT1,PON10,SMBS03458418,Dublin,Rathmines
13,IEDTAL0231028,DTAL010,LT1,PON8,SMBS03458419,Dublin,Rathmines
14,IEDTAL0231028,DTAL010,LT2,PON7,SMBS03458420,Dublin,Rathmines
15,IEDTAL0231028,DTAL010,LT4,PON10,SMBS03458421,Dublin,Rathmines
16,IEDTAL0231028,DTAL010,LT1,PON8,SMBS03458422,Dublin,Rathmines
17,IEDTAL0231028,DTAL010,LT1,PON7,SMBS03458423,Dublin,Rathmines
18,IEDTAL0231028,DTAL010,LT2,PON10,SMBS03458424,Dublin,Rathmines
19,IEDTAL0231028,DTAL010,LT4,PON8,SMBS03458425,Dublin,Rathmines
20,IEDTAL0231029,DTAL011,LT1,PON7,SMBS03458426,Dublin,Dundrum
21,IEDTAL0231029,DTAL011,LT1,PON10,SMBS03458427,Dublin,Dundrum
22,IEDTAL0231029,DTAL011,LT2,PON8,SMBS03458428,Dublin,Dundrum
23,IEDTAL0231029,DTAL011,LT1,PON7,SMBS03458429,Dublin,Dundrum
24,IEDTAL0231029,DTAL011,LT3,PON10,SMBS03458430,Dublin,Dundrum
25,IEDTAL0231029,DTAL011,LT4,PON8,SMBS03458431,Dublin,Dundrum
26,IEDTAL0231029,DTAL011,LT4,PON7,SMBS03458432,Dublin,Dundrum
27,IEDTAL0231029,DTAL011,LT2,PON10,SMBS03458433,Dublin,Dundrum
28,IEDTAL0231029,DTAL011,LT1,PON8,SMBS03458434,Dublin,Dundrum
29,IEDTAL0231029,DTAL011,LT3,PON7,SMBS03458435,Dublin,Dundrum
30,IEDTAL0231030,DTAL012,LT4,PON10,SMBS03458436,Dublin,The Docklands
31,IEDTAL0231030,DTAL012,LT4,PON8,SMBS03458437,Dublin,The Docklands
32,IEDTAL0231030,DTAL012,LT2,PON7,SMBS03458438,Dublin,The Docklands
33,IEDTAL0231030,DTAL012,LT4,PON10,SMBS03458439,Dublin,The Docklands
34,IEDTAL0231030,DTAL012,LT1,PON8,SMBS03458440,Dublin,The Docklands
35,IEDTAL0231030,DTAL012,LT1,PON7,SMBS03458441,Dublin,The Docklands
36,IEDTAL0231030,DTAL012,LT2,PON10,SMBS03458442,Dublin,The Docklands
37,IEDTAL0231030,DTAL012,LT1,PON8,SMBS03458443,Dublin,The Docklands
38,IEDTAL0231030,DTAL012,LT1,PON7,SMBS03458444,Dublin,The Docklands
39,IEDTAL0231030,DTAL012,LT2,PON10,SMBS03458445,Dublin,The Docklands
40,IEDTAL0231031,DTAL013,LT4,PON8,SMBS03458446,Dublin,Glasnevin
41,IEDTAL0231031,DTAL013,LT4,PON7,SMBS03458447,Dublin,Glasnevin
42,IEDTAL0231031,DTAL013,LT1,PON10,SMBS03458448,Dublin,Glasnevin
43,IEDTAL0231031,DTAL013,LT1,PON8,SMBS03458449,Dublin,Glasnevin
44,IEDTAL0231031,DTAL013,LT2,PON7,SMBS03458450,Dublin,Glasnevin
45,IEDTAL0231031,DTAL013,LT1,PON10,SMBS03458451,Dublin,Glasnevin
46,IEDTAL0231031,DTAL013,LT1,PON8,SMBS03458452,Dublin,Glasnevin
47,IEDTAL0231031,DTAL013,LT2,PON7,SMBS03458453,Dublin,Glasnevin
48,IEDTAL0231031,DTAL013,LT4,PON10,SMBS03458454,Dublin,Glasnevin
49,IEDTAL0231031,DTAL013,LT5,PON8,SMBS03458455,Dublin,Glasnevin
50,IEDTAL0231032,DTAL020,LT1,PON7,SMBS03458456,Swords,County
51,IEDTAL0231032,DTAL020,LT1,PON10,SMBS03458457,Swords,County
52,IEDTAL0231032,DTAL020,LT2,PON8,SMBS03458458,Swords,County
53,IEDTAL0231032,DTAL020,LT4,PON7,SMBS03458459,Swords,County
54,IEDTAL0231032,DTAL020,LT1,PON10,SMBS03458460,Swords,County
55,IEDTAL0231032,DTAL020,LT1,PON8,SMBS03458461,Swords,County
56,IEDTAL0231032,DTAL020,LT2,PON7,SMBS03458462,Swords,County
57,IEDTAL0231032,DTAL020,LT4,PON10,SMBS03458463,Swords,County
58,IEDTAL0231032,DTAL020,LT1,PON8,SMBS03458464,Swords,County
59,IEDTAL0231032,DTAL020,LT1,PON7,SMBS03458465,Swords,County
60,IEDTAL0231033,DTAL025,LT2,PON10,SMBS03458466,Lisburn,Lisburn
61,IEDTAL0231033,DTAL025,LT4,PON8,SMBS03458467,Lisburn,Lisburn
62,IEDTAL0231033,DTAL025,LT1,PON7,SMBS03458468,Lisburn,Lisburn
63,IEDTAL0231033,DTAL025,LT1,PON10,SMBS03458469,Lisburn,Lisburn
64,IEDTAL0231033,DTAL025,LT2,PON8,SMBS03458470,Lisburn,Lisburn
65,IEDTAL0231033,DTAL025,LT4,PON7,SMBS03458471,Lisburn,Lisburn
66,IEDTAL0231033,DTAL025,LT1,PON10,SMBS03458472,Lisburn,Lisburn
67,IEDTAL0231033,DTAL025,LT1,PON8,SMBS03458473,Lisburn,Lisburn
68,IEDTAL0231033,DTAL025,LT2,PON7,SMBS03458474,Lisburn,Lisburn
69,IEDTAL0231033,DTAL025,LT1,PON10,SMBS03458475,Lisburn,Lisburn
70,IEDTAL0231034,DTAL028,LT1,PON8,SMBS03458476,Cork,Cork
71,IEDTAL0231034,DTAL028,LT2,PON7,SMBS03458477,Cork,Cork
72,IEDTAL0231034,DTAL028,LT4,PON10,SMBS03458478,Cork,Cork
73,IEDTAL0231034,DTAL028,LT1,PON8,SMBS03458479,Cork,Cork
74,IEDTAL0231034,DTAL028,LT3,PON7,SMBS03458480,Cork,Cork
75,IEDTAL0231034,DTAL028,LT2,PON10,SMBS03458481,Cork,Cork
76,IEDTAL0231034,DTAL028,LT1,PON8,SMBS03458482,Cork,Cork
77,IEDTAL0231034,DTAL028,LT1,PON7,SMBS03458483,Cork,Cork
78,IEDTAL0231034,DTAL028,LT2,PON10,SMBS03458484,Cork,Cork
79,IEDTAL0231034,DTAL028,LT1,PON8,SMBS03458485,Cork,Cork
80,IEDTAL0231035,DTAL030,LT3,PON7,SMBS03458486,Belfast,Belfast
81,IEDTAL0231035,DTAL030,LT4,PON10,SMBS03458487,Belfast,Belfast
82,IEDTAL0231035,DTAL030,LT4,PON8,SMBS03458488,Belfast,Belfast
83,IEDTAL0231035,DTAL030,LT1,PON7,SMBS03458489,Belfast,Belfast
84,IEDTAL0231035,DTAL030,LT2,PON10,SMBS03458490,Belfast,Belfast
85,IEDTAL0231035,DTAL030,LT1,PON8,SMBS03458491,Belfast,Belfast
86,IEDTAL0231035,DTAL030,LT3,PON7,SMBS03458492,Belfast,Belfast
87,IEDTAL0231035,DTAL030,LT4,PON10,SMBS03458493,Belfast,Belfast
88,IEDTAL0231035,DTAL030,LT4,PON8,SMBS03458494,Belfast,Belfast
89,IEDTAL0231035,DTAL030,LT1,PON7,SMBS03458495,Belfast,Belfast
90,IEDTAL0231035,DTAL030,LT1,PON7,SMBS03458496,Belfast,Belfast
91,IEDTAL0231035,DTAL030,LT3,PON10,SMBS03458497,Belfast,Belfast
92,IEDTAL0231035,DTAL030,LT4,PON8,SMBS03458498,Belfast,Belfast
93,IEDTAL0231035,DTAL030,LT4,PON7,SMBS03458499,Belfast,Belfast
94,IEDTAL0231035,DTAL030,LT1,PON7,SMBS03458500,Belfast,Belfast
95,IEDTAL0231035,DTAL030,LT1,PON10,SMBS03458501,Belfast,Belfast
96,IEDTAL0231035,DTAL030,LT3,PON8,SMBS03458502,Belfast,Belfast
97,IEDTAL0231035,DTAL030,LT4,PON7,SMBS03458503,Belfast,Belfast
98,IEDTAL0231035,DTAL030,LT4,PON7,SMBS03458504,Belfast,Belfast
99,IEDTAL0231035,DTAL030,LT1,PON10,SMBS03458505,Belfast,Belfast
100,IEDTAL0231035,DTAL030,LT1,PON8,SMBS03458506,Belfast,Belfast
101,IEDTAL0231035,DTAL030,LT3,PON7,SMBS03458507,Belfast,Belfast
102,IEDTAL0231035,DTAL030,LT4,PON7,SMBS03458508,Belfast,Belfast
103,IEDTAL0231035,DTAL030,LT4,PON10,SMBS03458509,Belfast,Belfast
104,IEDTAL0231035,DTAL030,LT1,PON8,SMBS03458510,Belfast,Belfast
105,IEDTAL0231035,DTAL030,LT1,PON7,SMBS03458511,Belfast,Belfast
106,IEDTAL0231035,DTAL030,LT3,PON7,SMBS03458512,Belfast,Belfast
107,IEDTAL0231035,DTAL030,LT4,PON10,SMBS03458513,Belfast,Belfast
108,IEDTAL0231035,DTAL030,LT4,PON8,SMBS03458514,Belfast,Belfast
109,IEDTAL0231035,DTAL030,LT1,PON7,SMBS03458515,Belfast,Belfast
110,IEDTAL0231035,DTAL030,LT1,PON7,SMBS03458516,Belfast,Belfast
111,IEDTAL0231035,DTAL030,LT3,PON10,SMBS03458517,Belfast,Belfast
112,IEDTAL0231035,DTAL030,LT4,PON8,SMBS03458518,Belfast,Belfast
113,IEDTAL0231035,DTAL030,LT4,PON7,SMBS03458519,Belfast,Belfast
114,IEDTAL0231035,DTAL030,LT1,PON7,SMBS03458520,Belfast,Belfast
115,IEDTAL0231035,DTAL030,LT1,PON10,SMBS03458521,Belfast,Belfast
116,IEDTAL0231035,DTAL030,LT3,PON8,SMBS03458522,Belfast,Belfast
117,IEDTAL0231035,DTAL030,LT4,PON7,SMBS03458523,Belfast,Belfast
118,IEDTAL0231035,DTAL030,LT4,PON7,SMBS03458524,Belfast,Belfast
119,IEDTAL0231035,DTAL030,LT1,PON10,SMBS03458525,Belfast,Belfast
120,IEDTAL0231035,DTAL030,LT1,PON8,SMBS03458526,Belfast,Belfast
121,IEDTAL0231035,DTAL030,LT3,PON7,SMBS03458527,Belfast,Belfast
122,IEDTAL0231035,DTAL030,LT4,PON7,SMBS03458528,Belfast,Belfast
123,IEDTAL0231035,DTAL030,LT4,PON10,SMBS03458529,Belfast,Belfast
124,IEDTAL0231035,DTAL030,LT1,PON8,SMBS03458530,Belfast,Belfast
125,IEDTAL0231035,DTAL030,LT1,PON7,SMBS03458531,Belfast,Belfast
126,IEDTAL0231035,DTAL030,LT3,PON7,SMBS03458532,Belfast,Belfast
127,IEDTAL0231035,DTAL030,LT4,PON10,SMBS03458533,Belfast,Belfast
128,IEDTAL0231035,DTAL030,LT4,PON8,SMBS03458534,Belfast,Belfast
129,IEDTAL0231035,DTAL030,LT1,PON7,SMBS03458535,Belfast,Belfast
130,IEDTAL0231036,DTAL070,LT2,PON10,SMBS03458536,Limeric,Limeric
131,IEDTAL0231036,DTAL070,LT1,PON8,SMBS03458537,Limeric,Limeric
132,IEDTAL0231036,DTAL070,LT3,PON7,SMBS03458538,Limeric,Limeric
133,IEDTAL0231036,DTAL070,LT4,PON10,SMBS03458539,Limeric,Limeric
134,IEDTAL0231036,DTAL070,LT4,PON8,SMBS03458540,Limeric,Limeric
135,IEDTAL0231036,DTAL070,LT2,PON7,SMBS03458541,Limeric,Limeric
136,IEDTAL0231036,DTAL070,LT1,PON10,SMBS03458542,Limeric,Limeric
137,IEDTAL0231036,DTAL070,LT1,PON8,SMBS03458543,Limeric,Limeric
138,IEDTAL0231036,DTAL070,LT2,PON7,SMBS03458544,Limeric,Limeric
139,IEDTAL0231036,DTAL070,LT4,PON10,SMBS03458545,Limeric,Limeric
140,IEDTAL0231036,DTAL070,LT1,PON10,SMBS03458546,Limeric,Limeric
141,IEDTAL0231036,DTAL070,LT1,PON8,SMBS03458547,Limeric,Limeric
142,IEDTAL0231036,DTAL070,LT2,PON7,SMBS03458548,Limeric,Limeric
143,IEDTAL0231036,DTAL070,LT4,PON10,SMBS03458549,Limeric,Limeric
144,IEDTAL0231036,DTAL070,LT1,PON10,SMBS03458550,Limeric,Limeric
145,IEDTAL0231036,DTAL070,LT1,PON8,SMBS03458551,Limeric,Limeric
146,IEDTAL0231036,DTAL070,LT2,PON7,SMBS03458552,Limeric,Limeric
147,IEDTAL0231036,DTAL070,LT4,PON10,SMBS03458553,Limeric,Limeric
148,IEDTAL0231036,DTAL070,LT1,PON10,SMBS03458554,Limeric,Limeric
149,IEDTAL0231036,DTAL070,LT1,PON8,SMBS03458555,Limeric,Limeric
150,IEDTAL0231036,DTAL070,LT2,PON7,SMBS03458556,Limeric,Limeric
151,IEDTAL0231036,DTAL070,LT4,PON10,SMBS03458557,Limeric,Limeric
152,IEDTAL0231036,DTAL070,LT1,PON10,SMBS03458558,Limeric,Limeric
153,IEDTAL0231036,DTAL070,LT1,PON8,SMBS03458559,Limeric,Limeric
154,IEDTAL0231036,DTAL070,LT2,PON7,SMBS03458560,Limeric,Limeric
155,IEDTAL0231036,DTAL070,LT4,PON10,SMBS03458561,Limeric,Limeric
156,IEDTAL0231036,DTAL070,LT1,PON10,SMBS03458562,Limeric,Limeric
157,IEDTAL0231036,DTAL070,LT1,PON8,SMBS03458563,Limeric,Limeric
158,IEDTAL0231036,DTAL070,LT2,PON7,SMBS03458564,Limeric,Limeric
159,IEDTAL0231036,DTAL070,LT4,PON10,SMBS03458565,Limeric,Limeric
160,IEDTAL0231036,DTAL070,LT1,PON10,SMBS03458566,Limeric,Limeric
161,IEDTAL0231036,DTAL070,LT1,PON8,SMBS03458567,Limeric,Limeric
162,IEDTAL0231036,DTAL070,LT2,PON7,SMBS03458568,Limeric,Limeric
163,IEDTAL0231036,DTAL070,LT4,PON10,SMBS03458569,Limeric,Limeric
164,IEDTAL0231036,DTAL070,LT1,PON10,SMBS03458570,Limeric,Limeric
165,IEDTAL0231036,DTAL070,LT1,PON8,SMBS03458571,Limeric,Limeric
166,IEDTAL0231036,DTAL070,LT2,PON7,SMBS03458572,Limeric,Limeric
167,IEDTAL0231036,DTAL070,LT4,PON10,SMBS03458573,Limeric,Limeric
168,IEDTAL0231036,DTAL070,LT1,PON10,SMBS03458574,Limeric,Limeric
169,IEDTAL0231036,DTAL070,LT1,PON8,SMBS03458575,Limeric,Limeric
170,IEDTAL0231036,DTAL070,LT2,PON7,SMBS03458576,Limeric,Limeric
171,IEDTAL0231036,DTAL070,LT4,PON10,SMBS03458577,Limeric,Limeric
172,IEDTAL0231036,DTAL070,LT1,PON10,SMBS03458578,Limeric,Limeric
173,IEDTAL0231036,DTAL070,LT1,PON8,SMBS03458579,Limeric,Limeric
174,IEDTAL0231036,DTAL070,LT2,PON7,SMBS03458580,Limeric,Limeric
175,IEDTAL0231036,DTAL070,LT4,PON10,SMBS03458581,Limeric,Limeric
176,IEDTAL0231036,DTAL070,LT1,PON10,SMBS03458582,Limeric,Limeric
177,IEDTAL0231036,DTAL070,LT1,PON8,SMBS03458583,Limeric,Limeric
178,IEDTAL0231036,DTAL070,LT2,PON7,SMBS03458584,Limeric,Limeric
179,IEDTAL0231036,DTAL070,LT4,PON10,SMBS03458585,Limeric,Limeric
180,IEDTAL0231036,DTAL070,LT1,PON10,SMBS03458586,Limeric,Limeric
181,IEDTAL0231036,DTAL070,LT1,PON8,SMBS03458587,Limeric,Limeric
182,IEDTAL0231036,DTAL070,LT2,PON7,SMBS03458588,Limeric,Limeric
183,IEDTAL0231036,DTAL070,LT4,PON10,SMBS03458589,Limeric,Limeric
184,IEDTAL0231036,DTAL070,LT1,PON10,SMBS03458590,Limeric,Limeric
185,IEDTAL0231036,DTAL070,LT1,PON8,SMBS03458591,Limeric,Limeric
186,IEDTAL0231036,DTAL070,LT2,PON7,SMBS03458592,Limeric,Limeric
187,IEDTAL0231036,DTAL070,LT4,PON10,SMBS03458593,Limeric,Limeric
188,IEDTAL0231037,DTAL060,LT1,PON10,SMBS03458594,Galway ,Galway zone 1
189,IEDTAL0231037,DTAL060,LT1,PON8,SMBS03458595,Galway ,Galway zone 1
190,IEDTAL0231037,DTAL060,LT2,PON7,SMBS03458596,Galway ,Galway zone 1
191,IEDTAL0231037,DTAL060,LT4,PON10,SMBS03458597,Galway ,Galway zone 1
192,IEDTAL0231037,DTAL060,LT1,PON10,SMBS03458598,Galway ,Galway zone 1
193,IEDTAL0231037,DTAL060,LT1,PON8,SMBS03458599,Galway ,Galway zone 1
194,IEDTAL0231037,DTAL060,LT2,PON7,SMBS03458600,Galway ,Galway zone 1
195,IEDTAL0231037,DTAL060,LT4,PON10,SMBS03458601,Galway ,Galway zone 1
196,IEDTAL0231037,DTAL060,LT1,PON10,SMBS03458602,Galway ,Galway zone 1
197,IEDTAL0231037,DTAL060,LT1,PON8,SMBS03458603,Galway ,Galway zone 1
198,IEDTAL0231037,DTAL060,LT2,PON7,SMBS03458604,Galway ,Galway zone 1
199,IEDTAL0231037,DTAL060,LT4,PON10,SMBS03458605,Galway ,Galway zone 1
200,IEDTAL0231037,DTAL060,LT1,PON10,SMBS03458606,Galway ,Galway zone 1
201,IEDTAL0231037,DTAL060,LT1,PON8,SMBS03458607,Galway ,Galway zone 1
202,IEDTAL0231037,DTAL060,LT2,PON7,SMBS03458608,Galway ,Galway zone 1
203,IEDTAL0231037,DTAL060,LT4,PON10,SMBS03458609,Galway ,Galway zone 1
204,IEDTAL0231037,DTAL060,LT1,PON10,SMBS03458610,Galway ,Galway zone 1
205,IEDTAL0231037,DTAL060,LT1,PON8,SMBS03458611,Galway ,Galway zone 1
206,IEDTAL0231037,DTAL060,LT2,PON7,SMBS03458612,Galway ,Galway zone 1
207,IEDTAL0231037,DTAL060,LT4,PON10,SMBS03458613,Galway ,Galway zone 1
208,IEDTAL0231037,DTAL060,LT1,PON10,SMBS03458614,Galway ,Galway zone 1
209,IEDTAL0231037,DTAL060,LT1,PON8,SMBS03458615,Galway ,Galway zone 1
210,IEDTAL0231037,DTAL060,LT2,PON7,SMBS03458616,Galway ,Galway zone 1
211,IEDTAL0231037,DTAL060,LT4,PON10,SMBS03458617,Galway ,Galway zone 1
212,IEDTAL0231037,DTAL060,LT1,PON10,SMBS03458618,Galway ,Galway zone 1
213,IEDTAL0231038,DTAL061,LT1,PON8,SMBS03458619,Galway ,Galway zone 2
214,IEDTAL0231038,DTAL061,LT2,PON7,SMBS03458620,Galway ,Galway Zone 2
215,IEDTAL0231038,DTAL061,LT4,PON10,SMBS03458621,Galway ,Galway Zone 2
216,IEDTAL0231038,DTAL061,LT1,PON10,SMBS03458622,Galway ,Galway Zone 2
217,IEDTAL0231038,DTAL061,LT1,PON8,SMBS03458623,Galway ,Galway Zone 2
218,IEDTAL0231038,DTAL061,LT2,PON7,SMBS03458624,Galway ,Galway Zone 2
219,IEDTAL0231038,DTAL061,LT4,PON10,SMBS03458625,Galway ,Galway Zone 2
220,IEDTAL0231038,DTAL061,LT1,PON10,SMBS03458626,Galway ,Galway Zone 2
221,IEDTAL0231038,DTAL061,LT1,PON8,SMBS03458627,Galway ,Galway Zone 2
222,IEDTAL0231038,DTAL061,LT2,PON7,SMBS03458628,Galway ,Galway Zone 2
223,IEDTAL0231038,DTAL061,LT4,PON10,SMBS03458629,Galway ,Galway Zone 2
224,IEDTAL0231038,DTAL061,LT1,PON10,SMBS03458630,Galway ,Galway Zone 2
225,IEDTAL0231038,DTAL061,LT1,PON8,SMBS03458631,Galway ,Galway Zone 2
226,IEDTAL0231038,DTAL061,LT2,PON7,SMBS03458632,Galway ,Galway Zone 2
227,IEDTAL0231038,DTAL061,LT4,PON10,SMBS03458633,Galway ,Galway Zone 2
228,IEDTAL0231038,DTAL061,LT1,PON10,SMBS03458634,Galway ,Galway Zone 2
229,IEDTAL0231038,DTAL061,LT1,PON8,SMBS03458635,Galway ,Galway Zone 2
230,IEDTAL0231038,DTAL061,LT2,PON7,SMBS03458636,Galway ,Galway Zone 2
231,IEDTAL0231038,DTAL061,LT4,PON10,SMBS03458637,Galway ,Galway Zone 2
232,IEDTAL0231038,DTAL061,LT1,PON10,SMBS03458638,Galway ,Galway Zone 2
233,IEDTAL0231038,DTAL061,LT1,PON8,SMBS03458639,Galway ,Galway Zone 2
234,IEDTAL0231038,DTAL061,LT2,PON7,SMBS03458640,Galway ,Galway Zone 2
235,IEDTAL0231038,DTAL061,LT4,PON10,SMBS03458641,Galway ,Galway Zone 2
236,IEDTAL0231038,DTAL061,LT1,PON10,SMBS03458642,Galway ,Galway Zone 2
237,IEDTAL0231038,DTAL061,LT1,PON8,SMBS03458643,Galway ,Galway Zone 2
238,IEDTAL0231039,DTAL085,LT2,PON7,SMBS03458644,Galway ,Waterford Zone 1
239,IEDTAL0231039,DTAL085,LT4,PON10,SMBS03458645,Waterford,Waterford Zone 1
240,IEDTAL0231039,DTAL085,LT1,PON10,SMBS03458646,Waterford,Waterford Zone 1
241,IEDTAL0231039,DTAL085,LT1,PON8,SMBS03458647,Waterford,Waterford Zone 1
242,IEDTAL0231039,DTAL085,LT2,PON7,SMBS03458648,Waterford,Waterford Zone 1
243,IEDTAL0231039,DTAL085,LT4,PON10,SMBS03458649,Waterford,Waterford Zone 1
244,IEDTAL0231039,DTAL085,LT1,PON10,SMBS03458650,Waterford,Waterford Zone 1
245,IEDTAL0231039,DTAL085,LT1,PON8,SMBS03458651,Waterford,Waterford Zone 1
246,IEDTAL0231039,DTAL085,LT2,PON7,SMBS03458652,Waterford,Waterford Zone 1
247,IEDTAL0231039,DTAL085,LT4,PON10,SMBS03458653,Waterford,Waterford Zone 1
248,IEDTAL0231039,DTAL085,LT1,PON10,SMBS03458654,Waterford,Waterford Zone 1
249,IEDTAL0231039,DTAL085,LT1,PON8,SMBS03458655,Waterford,Waterford Zone 1
250,IEDTAL0231039,DTAL085,LT2,PON7,SMBS03458656,Waterford,Waterford Zone 1
251,IEDTAL0231039,DTAL085,LT4,PON10,SMBS03458657,Waterford,Waterford Zone 1
252,IEDTAL0231039,DTAL085,LT1,PON10,SMBS03458658,Waterford,Waterford Zone 1
253,IEDTAL0231039,DTAL085,LT1,PON8,SMBS03458659,Waterford,Waterford Zone 1
254,IEDTAL0231039,DTAL085,LT2,PON7,SMBS03458660,Waterford,Waterford Zone 1
255,IEDTAL0231039,DTAL085,LT4,PON10,SMBS03458661,Waterford,Waterford Zone 1
256,IEDTAL0231039,DTAL085,LT1,PON10,SMBS03458662,Waterford,Waterford Zone 1
257,IEDTAL0231039,DTAL085,LT1,PON8,SMBS03458663,Waterford,Waterford Zone 1
258,IEDTAL0231039,DTAL085,LT2,PON7,SMBS03458664,Waterford,Waterford Zone 1
259,IEDTAL0231039,DTAL085,LT4,PON10,SMBS03458665,Waterford,Waterford Zone 1
260,IEDTAL0231039,DTAL085,LT1,PON10,SMBS03458666,Waterford,Waterford Zone 1
261,IEDTAL0231039,DTAL085,LT1,PON8,SMBS03458667,Waterford,Waterford Zone 1
262,IEDTAL0231039,DTAL085,LT2,PON7,SMBS03458668,Waterford,Waterford Zone 1
263,IEDTAL0231040,DTAL086,LT4,PON10,SMBS03458669,Waterford,Waterford Zone 2
264,IEDTAL0231040,DTAL086,LT1,PON10,SMBS03458670,Waterford,Waterford Zone 2
265,IEDTAL0231040,DTAL086,LT1,PON8,SMBS03458671,Waterford,Waterford Zone 2
266,IEDTAL0231040,DTAL086,LT2,PON7,SMBS03458672,Waterford,Waterford Zone 2
267,IEDTAL0231040,DTAL086,LT4,PON10,SMBS03458673,Waterford,Waterford Zone 2
268,IEDTAL0231040,DTAL086,LT1,PON10,SMBS03458674,Waterford,Waterford Zone 2
269,IEDTAL0231040,DTAL086,LT1,PON8,SMBS03458675,Waterford,Waterford Zone 2
270,IEDTAL0231040,DTAL086,LT2,PON7,SMBS03458676,Waterford,Waterford Zone 2
271,IEDTAL0231040,DTAL086,LT4,PON10,SMBS03458677,Waterford,Waterford Zone 2
272,IEDTAL0231040,DTAL086,LT1,PON10,SMBS03458678,Waterford,Waterford Zone 2
273,IEDTAL0231040,DTAL086,LT1,PON8,SMBS03458679,Waterford,Waterford Zone 2
274,IEDTAL0231040,DTAL086,LT2,PON7,SMBS03458680,Waterford,Waterford Zone 2
275,IEDTAL0231040,DTAL086,LT4,PON10,SMBS03458681,Waterford,Waterford Zone 2
276,IEDTAL0231040,DTAL086,LT1,PON10,SMBS03458682,Waterford,Waterford Zone 2
277,IEDTAL0231040,DTAL086,LT1,PON8,SMBS03458683,Waterford,Waterford Zone 2
278,IEDTAL0231040,DTAL086,LT2,PON7,SMBS03458684,Waterford,Waterford Zone 2
279,IEDTAL0231040,DTAL086,LT4,PON10,SMBS03458685,Waterford,Waterford Zone 2
280,IEDTAL0231040,DTAL086,LT1,PON10,SMBS03458686,Waterford,Waterford Zone 2
281,IEDTAL0231040,DTAL086,LT1,PON8,SMBS03458687,Waterford,Waterford Zone 2
282,IEDTAL0231040,DTAL086,LT2,PON7,SMBS03458688,Waterford,Waterford Zone 2
283,IEDTAL0231040,DTAL086,LT4,PON10,SMBS03458689,Waterford,Waterford Zone 2
284,IEDTAL0231040,DTAL086,LT1,PON10,SMBS03458690,Waterford,Waterford Zone 2
285,IEDTAL0231040,DTAL086,LT1,PON8,SMBS03458691,Waterford,Waterford Zone 2
286,IEDTAL0231040,DTAL086,LT2,PON7,SMBS03458692,Waterford,Waterford Zone 2
287,IEDTAL0231040,DTAL086,LT4,PON10,SMBS03458693,Waterford,Waterford Zone 2
288,IEDTAL0231041,DTAL090,LT1,PON10,SMBS03458694,Drogheda,Drogheda Zone 1
289,IEDTAL0231041,DTAL090,LT1,PON8,SMBS03458695,Drogheda,Drogheda Zone 1
290,IEDTAL0231041,DTAL090,LT2,PON7,SMBS03458696,Drogheda,Drogheda Zone 1
291,IEDTAL0231041,DTAL090,LT4,PON10,SMBS03458697,Drogheda,Drogheda Zone 1
292,IEDTAL0231041,DTAL090,LT1,PON10,SMBS03458698,Drogheda,Drogheda Zone 1
293,IEDTAL0231041,DTAL090,LT1,PON8,SMBS03458699,Drogheda,Drogheda Zone 1
294,IEDTAL0231041,DTAL090,LT2,PON7,SMBS03458700,Drogheda,Drogheda Zone 1
295,IEDTAL0231041,DTAL090,LT4,PON10,SMBS03458701,Drogheda,Drogheda Zone 1
296,IEDTAL0231041,DTAL090,LT1,PON10,SMBS03458702,Drogheda,Drogheda Zone 1
297,IEDTAL0231041,DTAL090,LT1,PON8,SMBS03458703,Drogheda,Drogheda Zone 1
298,IEDTAL0231041,DTAL090,LT2,PON7,SMBS03458704,Drogheda,Drogheda Zone 1
299,IEDTAL0231041,DTAL090,LT4,PON10,SMBS03458705,Drogheda,Drogheda Zone 1
300,IEDTAL0231041,DTAL090,LT1,PON10,SMBS03458706,Drogheda,Drogheda Zone 1
301,IEDTAL0231041,DTAL090,LT1,PON8,SMBS03458707,Drogheda,Drogheda Zone 1
302,IEDTAL0231041,DTAL090,LT2,PON7,SMBS03458708,Drogheda,Drogheda Zone 1
303,IEDTAL0231041,DTAL090,LT4,PON10,SMBS03458709,Drogheda,Drogheda Zone 1
304,IEDTAL0231041,DTAL090,LT1,PON10,SMBS03458710,Drogheda,Drogheda Zone 1
305,IEDTAL0231041,DTAL090,LT1,PON8,SMBS03458711,Drogheda,Drogheda Zone 1
306,IEDTAL0231041,DTAL090,LT2,PON7,SMBS03458712,Drogheda,Drogheda Zone 1
307,IEDTAL0231041,DTAL090,LT4,PON10,SMBS03458713,Drogheda,Drogheda Zone 1
308,IEDTAL0231041,DTAL090,LT1,PON10,SMBS03458714,Drogheda,Drogheda Zone 1
309,IEDTAL0231041,DTAL090,LT1,PON8,SMBS03458715,Drogheda,Drogheda Zone 1
310,IEDTAL0231041,DTAL090,LT2,PON7,SMBS03458716,Drogheda,Drogheda Zone 1
311,IEDTAL0231041,DTAL090,LT4,PON10,SMBS03458717,Drogheda,Drogheda Zone 1
312,IEDTAL0231041,DTAL090,LT1,PON10,SMBS03458718,Drogheda,Drogheda Zone 1
313,IEDTAL0231042,DTAL091,LT1,PON8,SMBS03458719,Drogheda,Drogheda Zone 2
314,IEDTAL0231042,DTAL091,LT2,PON7,SMBS03458720,Drogheda,Drogheda Zone 2
315,IEDTAL0231042,DTAL091,LT4,PON10,SMBS03458721,Drogheda,Drogheda Zone 2
316,IEDTAL0231042,DTAL091,LT1,PON10,SMBS03458722,Drogheda,Drogheda Zone 2
317,IEDTAL0231042,DTAL091,LT1,PON8,SMBS03458723,Drogheda,Drogheda Zone 2
318,IEDTAL0231042,DTAL091,LT2,PON7,SMBS03458724,Drogheda,Drogheda Zone 2
319,IEDTAL0231042,DTAL091,LT4,PON10,SMBS03458725,Drogheda,Drogheda Zone 2
320,IEDTAL0231042,DTAL091,LT1,PON10,SMBS03458726,Drogheda,Drogheda Zone 2
321,IEDTAL0231042,DTAL091,LT1,PON8,SMBS03458727,Drogheda,Drogheda Zone 2
322,IEDTAL0231042,DTAL091,LT2,PON7,SMBS03458728,Drogheda,Drogheda Zone 2
323,IEDTAL0231042,DTAL091,LT4,PON10,SMBS03458729,Drogheda,Drogheda Zone 2
324,IEDTAL0231042,DTAL091,LT1,PON10,SMBS03458730,Drogheda,Drogheda Zone 2
325,IEDTAL0231042,DTAL091,LT1,PON8,SMBS03458731,Drogheda,Drogheda Zone 2
326,IEDTAL0231042,DTAL091,LT2,PON7,SMBS03458732,Drogheda,Drogheda Zone 2
327,IEDTAL0231042,DTAL091,LT4,PON10,SMBS03458733,Drogheda,Drogheda Zone 2
328,IEDTAL0231042,DTAL091,LT1,PON10,SMBS03458734,Drogheda,Drogheda Zone 2
329,IEDTAL0231042,DTAL091,LT1,PON8,SMBS03458735,Drogheda,Drogheda Zone 2
330,IEDTAL0231042,DTAL091,LT2,PON7,SMBS03458736,Drogheda,Drogheda Zone 2
331,IEDTAL0231042,DTAL091,LT4,PON10,SMBS03458737,Drogheda,Drogheda Zone 2
332,IEDTAL0231042,DTAL091,LT1,PON10,SMBS03458738,Drogheda,Drogheda Zone 2
333,IEDTAL0231042,DTAL091,LT1,PON8,SMBS03458739,Drogheda,Drogheda Zone 2
334,IEDTAL0231042,DTAL091,LT2,PON7,SMBS03458740,Drogheda,Drogheda Zone 2
335,IEDTAL0231042,DTAL091,LT4,PON10,SMBS03458741,Drogheda,Drogheda Zone 2
336,IEDTAL0231042,DTAL091,LT1,PON10,SMBS03458742,Drogheda,Drogheda Zone 2
337,IEDTAL0231042,DTAL091,LT1,PON8,SMBS03458743,Drogheda,Drogheda Zone 2
338,IEDTAL0231043,DTAL095,LT2,PON7,SMBS03458744,Derry,Derry Zone 1
339,IEDTAL0231043,DTAL095,LT4,PON10,SMBS03458745,Derry,Derry Zone 1
340,IEDTAL0231043,DTAL095,LT1,PON10,SMBS03458746,Derry,Derry Zone 1
341,IEDTAL0231043,DTAL095,LT1,PON8,SMBS03458747,Derry,Derry Zone 1
342,IEDTAL0231043,DTAL095,LT2,PON7,SMBS03458748,Derry,Derry Zone 1
343,IEDTAL0231043,DTAL095,LT4,PON10,SMBS03458749,Derry,Derry Zone 1
344,IEDTAL0231043,DTAL095,LT1,PON10,SMBS03458750,Derry,Derry Zone 1
345,IEDTAL0231043,DTAL095,LT1,PON8,SMBS03458751,Derry,Derry Zone 1
346,IEDTAL0231043,DTAL095,LT2,PON7,SMBS03458752,Derry,Derry Zone 1
347,IEDTAL0231043,DTAL095,LT4,PON10,SMBS03458753,Derry,Derry Zone 1
348,IEDTAL0231043,DTAL095,LT1,PON10,SMBS03458754,Derry,Derry Zone 1
349,IEDTAL0231043,DTAL095,LT1,PON8,SMBS03458755,Derry,Derry Zone 1
350,IEDTAL0231043,DTAL095,LT2,PON7,SMBS03458756,Derry,Derry Zone 1
351,IEDTAL0231043,DTAL095,LT4,PON10,SMBS03458757,Derry,Derry Zone 1
352,IEDTAL0231043,DTAL095,LT1,PON10,SMBS03458758,Derry,Derry Zone 1
353,IEDTAL0231043,DTAL095,LT1,PON8,SMBS03458759,Derry,Derry Zone 1
354,IEDTAL0231043,DTAL095,LT2,PON7,SMBS03458760,Derry,Derry Zone 1
355,IEDTAL0231043,DTAL095,LT4,PON10,SMBS03458761,Derry,Derry Zone 1
356,IEDTAL0231043,DTAL095,LT1,PON10,SMBS03458762,Derry,Derry Zone 1
357,IEDTAL0231043,DTAL095,LT1,PON8,SMBS03458763,Derry,Derry Zone 1
358,IEDTAL0231043,DTAL095,LT2,PON7,SMBS03458764,Derry,Derry Zone 1
359,IEDTAL0231043,DTAL095,LT4,PON10,SMBS03458765,Derry,Derry Zone 1
360,IEDTAL0231043,DTAL095,LT1,PON10,SMBS03458766,Derry,Derry Zone 1
361,IEDTAL0231043,DTAL095,LT1,PON8,SMBS03458767,Derry,Derry Zone 1
362,IEDTAL0231043,DTAL095,LT2,PON7,SMBS03458768,Derry,Derry Zone 1
363,IEDTAL0231044,DTAL096,LT4,PON10,SMBS03458769,Derry,Derry Zone 2
364,IEDTAL0231044,DTAL096,LT1,PON10,SMBS03458770,Derry,Derry Zone 2
365,IEDTAL0231044,DTAL096,LT1,PON8,SMBS03458771,Derry,Derry Zone 2
366,IEDTAL0231044,DTAL096,LT2,PON7,SMBS03458772,Derry,Derry Zone 2
367,IEDTAL0231044,DTAL096,LT4,PON10,SMBS03458773,Derry,Derry Zone 2
368,IEDTAL0231044,DTAL096,LT1,PON10,SMBS03458774,Derry,Derry Zone 2
369,IEDTAL0231044,DTAL096,LT1,PON8,SMBS03458775,Derry,Derry Zone 2
370,IEDTAL0231044,DTAL096,LT2,PON7,SMBS03458776,Derry,Derry Zone 2
371,IEDTAL0231044,DTAL096,LT4,PON10,SMBS03458777,Derry,Derry Zone 2
372,IEDTAL0231044,DTAL096,LT1,PON10,SMBS03458778,Derry,Derry Zone 2
373,IEDTAL0231044,DTAL096,LT1,PON8,SMBS03458779,Derry,Derry Zone 2
374,IEDTAL0231044,DTAL096,LT2,PON7,SMBS03458780,Derry,Derry Zone 2
375,IEDTAL0231044,DTAL096,LT4,PON10,SMBS03458781,Derry,Derry Zone 2
376,IEDTAL0231044,DTAL096,LT1,PON10,SMBS03458782,Derry,Derry Zone 2
377,IEDTAL0231044,DTAL096,LT1,PON8,SMBS03458783,Derry,Derry Zone 2
378,IEDTAL0231044,DTAL096,LT2,PON7,SMBS03458784,Derry,Derry Zone 2
379,IEDTAL0231044,DTAL096,LT4,PON10,SMBS03458785,Derry,Derry Zone 2
380,IEDTAL0231044,DTAL096,LT1,PON10,SMBS03458786,Derry,Derry Zone 2
381,IEDTAL0231044,DTAL096,LT1,PON8,SMBS03458787,Derry,Derry Zone 2
382,IEDTAL0231044,DTAL096,LT2,PON7,SMBS03458788,Derry,Derry Zone 2
383,IEDTAL0231044,DTAL096,LT4,PON10,SMBS03458789,Derry,Derry Zone 2
384,IEDTAL0231044,DTAL096,LT1,PON10,SMBS03458790,Derry,Derry Zone 2
385,IEDTAL0231044,DTAL096,LT1,PON8,SMBS03458791,Derry,Derry Zone 2
386,IEDTAL0231044,DTAL096,LT2,PON7,SMBS03458792,Derry,Derry Zone 2
387,IEDTAL0231044,DTAL096,LT4,PON10,SMBS03458793,Derry,Derry Zone 2
388,IEDTAL0231045,DTAL097,LT1,PON10,SMBS03458794,Newtownards,Newtownards
389,IEDTAL0231045,DTAL097,LT1,PON8,SMBS03458795,Newtownards,Newtownards
390,IEDTAL0231045,DTAL097,LT2,PON7,SMBS03458796,Newtownards,Newtownards
391,IEDTAL0231045,DTAL097,LT4,PON10,SMBS03458797,Newtownards,Newtownards
392,IEDTAL0231045,DTAL097,LT1,PON10,SMBS03458798,Newtownards,Newtownards
393,IEDTAL0231045,DTAL097,LT1,PON8,SMBS03458799,Newtownards,Newtownards
394,IEDTAL0231045,DTAL097,LT2,PON7,SMBS03458800,Newtownards,Newtownards
395,IEDTAL0231045,DTAL097,LT4,PON10,SMBS03458801,Newtownards,Newtownards
396,IEDTAL0231045,DTAL097,LT1,PON10,SMBS03458802,Newtownards,Newtownards
397,IEDTAL0231045,DTAL097,LT1,PON8,SMBS03458803,Newtownards,Newtownards
398,IEDTAL0231045,DTAL097,LT2,PON7,SMBS03458804,Newtownards,Newtownards
399,IEDTAL0231045,DTAL097,LT4,PON10,SMBS03458805,Newtownards,Newtownards
400,IEDTAL0231045,DTAL097,LT1,PON10,SMBS03458806,Newtownards,Newtownards
401,IEDTAL0231045,DTAL097,LT1,PON8,SMBS03458807,Newtownards,Newtownards
402,IEDTAL0231045,DTAL097,LT2,PON7,SMBS03458808,Newtownards,Newtownards
403,IEDTAL0231045,DTAL097,LT4,PON10,SMBS03458809,Newtownards,Newtownards
404,IEDTAL0231045,DTAL097,LT1,PON10,SMBS03458810,Newtownards,Newtownards
405,IEDTAL0231045,DTAL097,LT1,PON8,SMBS03458811,Newtownards,Newtownards
406,IEDTAL0231045,DTAL097,LT2,PON7,SMBS03458812,Newtownards,Newtownards
407,IEDTAL0231045,DTAL097,LT4,PON10,SMBS03458813,Newtownards,Newtownards
408,IEDTAL0231045,DTAL097,LT1,PON10,SMBS03458814,Newtownards,Newtownards
409,IEDTAL0231045,DTAL097,LT1,PON8,SMBS03458815,Newtownards,Newtownards
410,IEDTAL0231045,DTAL097,LT2,PON7,SMBS03458816,Newtownards,Newtownards
411,IEDTAL0231045,DTAL097,LT4,PON10,SMBS03458817,Newtownards,Newtownards
412,IEDTAL0231045,DTAL097,LT1,PON10,SMBS03458818,Newtownards,Newtownards
413,IEDTAL0231046,DTAL098,LT1,PON8,SMBS03458819,Bangor,Bangor
414,IEDTAL0231046,DTAL098,LT2,PON7,SMBS03458820,Bangor,Bangor
415,IEDTAL0231046,DTAL098,LT4,PON10,SMBS03458821,Bangor,Bangor
416,IEDTAL0231046,DTAL098,LT1,PON10,SMBS03458822,Bangor,Bangor
417,IEDTAL0231046,DTAL098,LT1,PON8,SMBS03458823,Bangor,Bangor
418,IEDTAL0231046,DTAL098,LT2,PON7,SMBS03458824,Bangor,Bangor
419,IEDTAL0231046,DTAL098,LT4,PON10,SMBS03458825,Bangor,Bangor
420,IEDTAL0231046,DTAL098,LT1,PON10,SMBS03458826,Bangor,Bangor
421,IEDTAL0231046,DTAL098,LT1,PON8,SMBS03458827,Bangor,Bangor
422,IEDTAL0231046,DTAL098,LT2,PON7,SMBS03458828,Bangor,Bangor
423,IEDTAL0231046,DTAL098,LT4,PON10,SMBS03458829,Bangor,Bangor
424,IEDTAL0231046,DTAL098,LT1,PON10,SMBS03458830,Bangor,Bangor
425,IEDTAL0231046,DTAL098,LT1,PON8,SMBS03458831,Bangor,Bangor
426,IEDTAL0231046,DTAL098,LT2,PON7,SMBS03458832,Bangor,Bangor
427,IEDTAL0231046,DTAL098,LT4,PON10,SMBS03458833,Bangor,Bangor
428,IEDTAL0231046,DTAL098,LT1,PON10,SMBS03458834,Bangor,Bangor
429,IEDTAL0231046,DTAL098,LT1,PON8,SMBS03458835,Bangor,Bangor
430,IEDTAL0231046,DTAL098,LT2,PON7,SMBS03458836,Bangor,Bangor
431,IEDTAL0231046,DTAL098,LT4,PON10,SMBS03458837,Bangor,Bangor
432,IEDTAL0231046,DTAL098,LT1,PON10,SMBS03458838,Bangor,Bangor
433,IEDTAL0231046,DTAL098,LT1,PON8,SMBS03458839,Bangor,Bangor
434,IEDTAL0231046,DTAL098,LT2,PON7,SMBS03458840,Bangor,Bangor
435,IEDTAL0231046,DTAL098,LT4,PON10,SMBS03458841,Bangor,Bangor
436,IEDTAL0231046,DTAL098,LT1,PON10,SMBS03458842,Bangor,Bangor
437,IEDTAL0231046,DTAL098,LT1,PON8,SMBS03458843,Bangor,Bangor
438,IEDTAL0231047,DTAL101,LT2,PON7,SMBS03458844,Dundalk,Dundalk Zone 1
439,IEDTAL0231047,DTAL101,LT4,PON10,SMBS03458845,Dundalk,Dundalk Zone 1
440,IEDTAL0231047,DTAL101,LT1,PON10,SMBS03458846,Dundalk,Dundalk Zone 1
441,IEDTAL0231047,DTAL101,LT1,PON8,SMBS03458847,Dundalk,Dundalk Zone 1
442,IEDTAL0231047,DTAL101,LT2,PON7,SMBS03458848,Dundalk,Dundalk Zone 1
443,IEDTAL0231047,DTAL101,LT4,PON10,SMBS03458849,Dundalk,Dundalk Zone 1
444,IEDTAL0231047,DTAL101,LT1,PON10,SMBS03458850,Dundalk,Dundalk Zone 1
445,IEDTAL0231047,DTAL101,LT1,PON8,SMBS03458851,Dundalk,Dundalk Zone 1
446,IEDTAL0231047,DTAL101,LT2,PON7,SMBS03458852,Dundalk,Dundalk Zone 1
447,IEDTAL0231047,DTAL101,LT4,PON10,SMBS03458853,Dundalk,Dundalk Zone 1
448,IEDTAL0231047,DTAL101,LT1,PON10,SMBS03458854,Dundalk,Dundalk Zone 1
449,IEDTAL0231047,DTAL101,LT1,PON8,SMBS03458855,Dundalk,Dundalk Zone 1
450,IEDTAL0231047,DTAL101,LT2,PON7,SMBS03458856,Dundalk,Dundalk Zone 1
451,IEDTAL0231047,DTAL101,LT4,PON10,SMBS03458857,Dundalk,Dundalk Zone 1
452,IEDTAL0231047,DTAL101,LT1,PON10,SMBS03458858,Dundalk,Dundalk Zone 1
453,IEDTAL0231047,DTAL101,LT1,PON8,SMBS03458859,Dundalk,Dundalk Zone 1
454,IEDTAL0231047,DTAL101,LT2,PON7,SMBS03458860,Dundalk,Dundalk Zone 1
455,IEDTAL0231047,DTAL101,LT4,PON10,SMBS03458861,Dundalk,Dundalk Zone 1
456,IEDTAL0231047,DTAL101,LT1,PON10,SMBS03458862,Dundalk,Dundalk Zone 1
457,IEDTAL0231047,DTAL101,LT1,PON8,SMBS03458863,Dundalk,Dundalk Zone 1
458,IEDTAL0231047,DTAL101,LT2,PON7,SMBS03458864,Dundalk,Dundalk Zone 1
459,IEDTAL0231047,DTAL101,LT4,PON10,SMBS03458865,Dundalk,Dundalk Zone 1
460,IEDTAL0231047,DTAL101,LT1,PON10,SMBS03458866,Dundalk,Dundalk Zone 1
461,IEDTAL0231047,DTAL101,LT1,PON8,SMBS03458867,Dundalk,Dundalk Zone 1
462,IEDTAL0231047,DTAL101,LT2,PON7,SMBS03458868,Dundalk,Dundalk Zone 1
463,IEDTAL0231048,DTAL102,LT4,PON10,SMBS03458869,Dundalk,Dundalk Zone 2
464,IEDTAL0231048,DTAL102,LT1,PON10,SMBS03458870,Dundalk,Dundalk Zone 2
465,IEDTAL0231048,DTAL102,LT1,PON8,SMBS03458871,Dundalk,Dundalk Zone 2
466,IEDTAL0231048,DTAL102,LT2,PON7,SMBS03458872,Dundalk,Dundalk Zone 2
467,IEDTAL0231048,DTAL102,LT4,PON10,SMBS03458873,Dundalk,Dundalk Zone 2
468,IEDTAL0231048,DTAL102,LT1,PON10,SMBS03458874,Dundalk,Dundalk Zone 2
469,IEDTAL0231048,DTAL102,LT1,PON8,SMBS03458875,Dundalk,Dundalk Zone 2
470,IEDTAL0231048,DTAL102,LT2,PON7,SMBS03458876,Dundalk,Dundalk Zone 2
471,IEDTAL0231048,DTAL102,LT4,PON10,SMBS03458877,Dundalk,Dundalk Zone 2
472,IEDTAL0231048,DTAL102,LT1,PON10,SMBS03458878,Dundalk,Dundalk Zone 2
473,IEDTAL0231048,DTAL102,LT1,PON8,SMBS03458879,Dundalk,Dundalk Zone 2
474,IEDTAL0231048,DTAL102,LT2,PON7,SMBS03458880,Dundalk,Dundalk Zone 2
475,IEDTAL0231048,DTAL102,LT4,PON10,SMBS03458881,Dundalk,Dundalk Zone 2
476,IEDTAL0231048,DTAL102,LT1,PON10,SMBS03458882,Dundalk,Dundalk Zone 2
477,IEDTAL0231048,DTAL102,LT1,PON8,SMBS03458883,Dundalk,Dundalk Zone 2
478,IEDTAL0231048,DTAL102,LT2,PON7,SMBS03458884,Dundalk,Dundalk Zone 2
479,IEDTAL0231048,DTAL102,LT4,PON10,SMBS03458885,Dundalk,Dundalk Zone 2
480,IEDTAL0231048,DTAL102,LT1,PON10,SMBS03458886,Dundalk,Dundalk Zone 2
481,IEDTAL0231048,DTAL102,LT1,PON8,SMBS03458887,Dundalk,Dundalk Zone 2
482,IEDTAL0231048,DTAL102,LT2,PON7,SMBS03458888,Dundalk,Dundalk Zone 2
483,IEDTAL0231048,DTAL102,LT4,PON10,SMBS03458889,Dundalk,Dundalk Zone 2
484,IEDTAL0231048,DTAL102,LT1,PON10,SMBS03458890,Dundalk,Dundalk Zone 2
485,IEDTAL0231048,DTAL102,LT1,PON8,SMBS03458891,Dundalk,Dundalk Zone 2
486,IEDTAL0231048,DTAL102,LT2,PON7,SMBS03458892,Dundalk,Dundalk Zone 2
487,IEDTAL0231048,DTAL102,LT4,PON10,SMBS03458893,Dundalk,Dundalk Zone 2
